"name","date","passed","msg"
"adjustc","2023-05-05T13:27:08-04:00","passed","text centering"
"adjustc","2023-05-05T13:27:08-04:00","passed","text centering"
"base","2023-05-05T13:27:08-04:00","passed","converting 10 got 2 expected 2"
"base","2023-05-05T13:27:08-04:00","passed","converting 1010 got 10 expected 10"
"base","2023-05-05T13:27:08-04:00","passed","converting 101010 got 42 expected 42"
"base","2023-05-05T13:27:08-04:00","passed","converting 10101010 got 170 expected 170"
"base","2023-05-05T13:27:08-04:00","passed","converting 1010101010 got 682 expected 682"
"base","2023-05-05T13:27:08-04:00","passed","converting 101010101010 got 2730 expected 2730"
"base","2023-05-05T13:27:08-04:00","passed","converting 2 got 10 expected 10"
"base","2023-05-05T13:27:08-04:00","passed","converting 10 got 1010 expected 1010"
"base","2023-05-05T13:27:08-04:00","passed","converting 42 got 101010 expected 101010"
"base","2023-05-05T13:27:08-04:00","passed","converting 170 got 10101010 expected 10101010"
"base","2023-05-05T13:27:08-04:00","passed","converting 682 got 1010101010 expected 1010101010"
"base","2023-05-05T13:27:08-04:00","passed","converting 2730 got 101010101010 expected 101010101010"
"base","2023-05-05T13:27:08-04:00","passed","converting 10 got 101 expected 101"
"base","2023-05-05T13:27:08-04:00","passed","converting 20 got 202 expected 202"
"base","2023-05-05T13:27:08-04:00","passed","converting 30 got 1010 expected 1010"
"base","2023-05-05T13:27:08-04:00","passed","converting 40 got 1111 expected 1111"
"base","2023-05-05T13:27:08-04:00","passed","converting 50 got 1212 expected 1212"
"base","2023-05-05T13:27:08-04:00","passed","converting 11 got 3 expected 3"
"base","2023-05-05T13:27:08-04:00","passed","converting 1212 got 50 expected 50"
"base","2023-05-05T13:27:08-04:00","passed","converting 123123 got 1755 expected 1755"
"base","2023-05-05T13:27:08-04:00","passed","converting 1111 got 1111 expected 1111"
"base","2023-05-05T13:27:08-04:00","passed","converting 10 got 11 expected 11"
"base","2023-05-05T13:27:08-04:00","passed","converting 10 got 100 expected 100"
"base","2023-05-05T13:27:08-04:00","passed","converting 10 got 1000 expected 1000"
"base","2023-05-05T13:27:08-04:00","passed","converting 10 got 10000 expected 10000"
"base2","2023-05-05T13:27:08-04:00","passed","checking for 10 in base 2 from value 2"
"base2","2023-05-05T13:27:08-04:00","passed","checking for 1010 in base 2 from value 10"
"base2","2023-05-05T13:27:08-04:00","passed","checking for 101010 in base 2 from value 42"
"base2","2023-05-05T13:27:08-04:00","passed","checking for 10101010 in base 2 from value 170"
"base2","2023-05-05T13:27:08-04:00","passed","checking for 1010101010 in base 2 from value 682"
"base2","2023-05-05T13:27:08-04:00","passed","checking for 101010101010 in base 2 from value 2730"
"bundle","2023-05-05T13:27:08-04:00","passed","'kittens','sit    ','three  '"
"c2s","2023-05-05T13:27:08-04:00","skipped","UNTESTED"
"change","2023-05-05T13:27:08-04:00","passed","without trailing slash,expect ier==4, ier= 4"
"change","2023-05-05T13:27:08-04:00","passed","with trailing slash,expect ier==1,ier= 1"
"change","2023-05-05T13:27:08-04:00","passed","no new string, expect ier >= 7,ier= 7"
"change","2023-05-05T13:27:08-04:00","passed","null new string, expect ier == 1, ier= 1"
"change","2023-05-05T13:27:08-04:00","passed","no matching old string, expect ier == 0, ier= 0"
"change","2023-05-05T13:27:08-04:00","passed","check cumulative changes"
"chomp","2023-05-05T13:27:08-04:00","passed","token= a"
"chomp","2023-05-05T13:27:08-04:00","passed","token= b"
"chomp","2023-05-05T13:27:08-04:00","passed","token= ccc"
"chomp","2023-05-05T13:27:08-04:00","passed","token= ddd"
"chomp","2023-05-05T13:27:08-04:00","passed","token= x12"
"chomp","2023-05-05T13:27:08-04:00","passed","token= Z1"
"chomp","2023-05-05T13:27:08-04:00","passed","token= ab"
"chomp","2023-05-05T13:27:08-04:00","passed","token= cd"
"chomp","2023-05-05T13:27:08-04:00","passed","token= ef"
"clip","2023-05-05T13:27:08-04:00","passed","clip string test 1"
"clip","2023-05-05T13:27:08-04:00","passed","clip string test 2"
"clip","2023-05-05T13:27:08-04:00","passed","clip string test 3"
"clip","2023-05-05T13:27:08-04:00","passed","clip string test 4"
"codebase","2023-05-05T13:27:09-04:00","passed","checking for 10 in base 2 from value 2"
"codebase","2023-05-05T13:27:09-04:00","passed","checking for 1010 in base 2 from value 10"
"codebase","2023-05-05T13:27:09-04:00","passed","checking for 101010 in base 2 from value 42"
"codebase","2023-05-05T13:27:09-04:00","passed","checking for 10101010 in base 2 from value 170"
"codebase","2023-05-05T13:27:09-04:00","passed","checking for 1010101010 in base 2 from value 682"
"codebase","2023-05-05T13:27:09-04:00","passed","checking for 101010101010 in base 2 from value 2730"
"codebase","2023-05-05T13:27:09-04:00","passed","checking for 11 in base 2 from value 3"
"codebase","2023-05-05T13:27:09-04:00","passed","checking for 1212 in base 3 from value 50"
"codebase","2023-05-05T13:27:09-04:00","passed","checking for 123123 in base 4 from value 1755"
"codebase","2023-05-05T13:27:09-04:00","passed","checking for 10 in base 16 from value 16"
"codebase","2023-05-05T13:27:09-04:00","passed","checking for 10 in base 8 from value 8"
"compact","2023-05-05T13:27:09-04:00","passed","reduce to single spaces"
"compact","2023-05-05T13:27:09-04:00","passed","input has no adjacent whitespace characters"
"compact","2023-05-05T13:27:09-04:00","passed","input has no whitespace characters"
"compact","2023-05-05T13:27:09-04:00","passed","remove all whitespace"
"compact","2023-05-05T13:27:09-04:00","passed","replace blank ranges with  t"
"cpad","2023-05-05T13:27:09-04:00","passed"," 4 vs  4"
"cpad","2023-05-05T13:27:09-04:00","passed","  123 vs   123"
"cpad","2023-05-05T13:27:09-04:00","passed","[  1   ,  12  , 123  , 1234 ]"
"crop","2023-05-05T13:27:09-04:00","passed","crop string test 1"
"crop","2023-05-05T13:27:09-04:00","passed","crop string test 2"
"crop","2023-05-05T13:27:09-04:00","passed","crop string test 3"
"crop","2023-05-05T13:27:09-04:00","passed","crop string test 4"
"dble","2023-05-05T13:27:09-04:00","passed","test string to double for overloaded DBLE()"
"decodebase","2023-05-05T13:27:09-04:00","passed","converting 10"
"decodebase","2023-05-05T13:27:09-04:00","passed","converting 1010"
"decodebase","2023-05-05T13:27:09-04:00","passed","converting 101010"
"decodebase","2023-05-05T13:27:09-04:00","passed","converting 10101010"
"decodebase","2023-05-05T13:27:09-04:00","passed","converting 1010101010"
"decodebase","2023-05-05T13:27:09-04:00","passed","converting 101010101010"
"decodebase","2023-05-05T13:27:09-04:00","passed","converting 11"
"decodebase","2023-05-05T13:27:09-04:00","passed","converting 1212"
"decodebase","2023-05-05T13:27:09-04:00","passed","converting 123123"
"decodebase","2023-05-05T13:27:09-04:00","passed","converting 10"
"decodebase","2023-05-05T13:27:09-04:00","passed","converting 10"
"delim","2023-05-05T13:27:09-04:00","passed"," check number of tokens"
"delim","2023-05-05T13:27:09-04:00","passed"," check position of last character"
"delim","2023-05-05T13:27:09-04:00","passed","tokens"
"delim","2023-05-05T13:27:09-04:00","passed","delims"
"describe","2023-05-05T13:27:09-04:00","passed","describe ctrl-W"
"describe","2023-05-05T13:27:09-04:00","passed","describe exclamation point"
"describe","2023-05-05T13:27:09-04:00","passed","describe four"
"describe","2023-05-05T13:27:09-04:00","passed","describe question mark"
"describe","2023-05-05T13:27:09-04:00","passed","describe at sign"
"describe","2023-05-05T13:27:09-04:00","passed","describe J"
"describe","2023-05-05T13:27:09-04:00","passed","describe u"
"describe","2023-05-05T13:27:09-04:00","passed","describe tilde"
"edit_distance","2023-05-05T13:27:09-04:00","passed",""
"expand","2023-05-05T13:27:09-04:00","passed","a vt102 sequence to clear the screen"
"expand","2023-05-05T13:27:09-04:00","passed","test plain text"
"expand","2023-05-05T13:27:09-04:00","passed","check all valid decimal values"
"expand","2023-05-05T13:27:09-04:00","passed","check all valid octal values"
"expand","2023-05-05T13:27:09-04:00","passed","check all hexadecimal values"
"expand","2023-05-05T13:27:09-04:00","passed","check all valid decimal values"
"expand","2023-05-05T13:27:09-04:00","passed","check all valid octal values"
"expand","2023-05-05T13:27:09-04:00","passed","check all hexadecimal values"
"expand","2023-05-05T13:27:09-04:00","passed","check all valid decimal values"
"expand","2023-05-05T13:27:09-04:00","passed","check all valid octal values"
"expand","2023-05-05T13:27:09-04:00","passed","check all hexadecimal values"
"expand","2023-05-05T13:27:10-04:00","passed","check all valid decimal values"
"expand","2023-05-05T13:27:10-04:00","passed","check all valid octal values"
"expand","2023-05-05T13:27:10-04:00","passed","check all hexadecimal values"
"expand","2023-05-05T13:27:10-04:00","passed","check all valid decimal values"
"expand","2023-05-05T13:27:10-04:00","passed","check all valid octal values"
"expand","2023-05-05T13:27:10-04:00","passed","check all hexadecimal values"
"expand","2023-05-05T13:27:10-04:00","passed","check all valid decimal values"
"expand","2023-05-05T13:27:10-04:00","passed","check all valid octal values"
"expand","2023-05-05T13:27:10-04:00","passed","check all hexadecimal values"
"expand","2023-05-05T13:27:10-04:00","passed","check all valid decimal values"
"expand","2023-05-05T13:27:10-04:00","passed","check all valid octal values"
"expand","2023-05-05T13:27:10-04:00","passed","check all hexadecimal values"
"expand","2023-05-05T13:27:10-04:00","passed","check all valid decimal values"
"expand","2023-05-05T13:27:10-04:00","passed","check all valid octal values"
"expand","2023-05-05T13:27:10-04:00","passed","check all hexadecimal values"
"expand","2023-05-05T13:27:10-04:00","passed","check all valid decimal values"
"expand","2023-05-05T13:27:10-04:00","passed","check all valid octal values"
"expand","2023-05-05T13:27:10-04:00","passed","check all hexadecimal values"
"expand","2023-05-05T13:27:10-04:00","passed","check all valid decimal values"
"expand","2023-05-05T13:27:10-04:00","passed","check all valid octal values"
"expand","2023-05-05T13:27:10-04:00","passed","check all hexadecimal values"
"expand","2023-05-05T13:27:10-04:00","passed","check all valid decimal values"
"expand","2023-05-05T13:27:10-04:00","passed","check all valid octal values"
"expand","2023-05-05T13:27:10-04:00","passed","check all hexadecimal values"
"expand","2023-05-05T13:27:10-04:00","passed","check all valid decimal values"
"expand","2023-05-05T13:27:10-04:00","passed","check all valid octal values"
"expand","2023-05-05T13:27:10-04:00","passed","check all hexadecimal values"
"expand","2023-05-05T13:27:10-04:00","passed","check all valid decimal values"
"expand","2023-05-05T13:27:10-04:00","passed","check all valid octal values"
"expand","2023-05-05T13:27:10-04:00","passed","check all hexadecimal values"
"expand","2023-05-05T13:27:10-04:00","passed","check all valid decimal values"
"expand","2023-05-05T13:27:10-04:00","passed","check all valid octal values"
"expand","2023-05-05T13:27:10-04:00","passed","check all hexadecimal values"
"expand","2023-05-05T13:27:10-04:00","passed","check all valid decimal values"
"expand","2023-05-05T13:27:10-04:00","passed","check all valid octal values"
"expand","2023-05-05T13:27:10-04:00","passed","check all hexadecimal values"
"expand","2023-05-05T13:27:10-04:00","passed","check all valid decimal values"
"expand","2023-05-05T13:27:10-04:00","passed","check all valid octal values"
"expand","2023-05-05T13:27:10-04:00","passed","check all hexadecimal values"
"expand","2023-05-05T13:27:10-04:00","passed","check all valid decimal values"
"expand","2023-05-05T13:27:10-04:00","passed","check all valid octal values"
"expand","2023-05-05T13:27:10-04:00","passed","check all hexadecimal values"
"expand","2023-05-05T13:27:10-04:00","passed","check all valid decimal values"
"expand","2023-05-05T13:27:10-04:00","passed","check all valid octal values"
"expand","2023-05-05T13:27:10-04:00","passed","check all hexadecimal values"
"expand","2023-05-05T13:27:10-04:00","passed","check all valid decimal values"
"expand","2023-05-05T13:27:10-04:00","passed","check all valid octal values"
"expand","2023-05-05T13:27:10-04:00","passed","check all hexadecimal values"
"expand","2023-05-05T13:27:10-04:00","passed","check all valid decimal values"
"expand","2023-05-05T13:27:10-04:00","passed","check all valid octal values"
"expand","2023-05-05T13:27:10-04:00","passed","check all hexadecimal values"
"expand","2023-05-05T13:27:10-04:00","passed","check all valid decimal values"
"expand","2023-05-05T13:27:10-04:00","passed","check all valid octal values"
"expand","2023-05-05T13:27:10-04:00","passed","check all hexadecimal values"
"expand","2023-05-05T13:27:10-04:00","passed","check all valid decimal values"
"expand","2023-05-05T13:27:10-04:00","passed","check all valid octal values"
"expand","2023-05-05T13:27:10-04:00","passed","check all hexadecimal values"
"expand","2023-05-05T13:27:10-04:00","passed","check all valid decimal values"
"expand","2023-05-05T13:27:10-04:00","passed","check all valid octal values"
"expand","2023-05-05T13:27:10-04:00","passed","check all hexadecimal values"
"expand","2023-05-05T13:27:10-04:00","passed","check all valid decimal values"
"expand","2023-05-05T13:27:10-04:00","passed","check all valid octal values"
"expand","2023-05-05T13:27:10-04:00","passed","check all hexadecimal values"
"expand","2023-05-05T13:27:10-04:00","passed","check all valid decimal values"
"expand","2023-05-05T13:27:10-04:00","passed","check all valid octal values"
"expand","2023-05-05T13:27:10-04:00","passed","check all hexadecimal values"
"expand","2023-05-05T13:27:10-04:00","passed","check all valid decimal values"
"expand","2023-05-05T13:27:10-04:00","passed","check all valid octal values"
"expand","2023-05-05T13:27:10-04:00","passed","check all hexadecimal values"
"expand","2023-05-05T13:27:10-04:00","passed","check all valid decimal values"
"expand","2023-05-05T13:27:10-04:00","passed","check all valid octal values"
"expand","2023-05-05T13:27:10-04:00","passed","check all hexadecimal values"
"expand","2023-05-05T13:27:10-04:00","passed","check all valid decimal values"
"expand","2023-05-05T13:27:10-04:00","passed","check all valid octal values"
"expand","2023-05-05T13:27:10-04:00","passed","check all hexadecimal values"
"expand","2023-05-05T13:27:10-04:00","passed","check all valid decimal values"
"expand","2023-05-05T13:27:10-04:00","passed","check all valid octal values"
"expand","2023-05-05T13:27:10-04:00","passed","check all hexadecimal values"
"expand","2023-05-05T13:27:10-04:00","passed","check all valid decimal values"
"expand","2023-05-05T13:27:11-04:00","passed","check all valid octal values"
"expand","2023-05-05T13:27:11-04:00","passed","check all hexadecimal values"
"expand","2023-05-05T13:27:11-04:00","passed","check all valid decimal values"
"expand","2023-05-05T13:27:11-04:00","passed","check all valid octal values"
"expand","2023-05-05T13:27:11-04:00","passed","check all hexadecimal values"
"expand","2023-05-05T13:27:11-04:00","passed","check all valid decimal values"
"expand","2023-05-05T13:27:11-04:00","passed","check all valid octal values"
"expand","2023-05-05T13:27:11-04:00","passed","check all hexadecimal values"
"expand","2023-05-05T13:27:11-04:00","passed","check all valid decimal values"
"expand","2023-05-05T13:27:11-04:00","passed","check all valid octal values"
"expand","2023-05-05T13:27:11-04:00","passed","check all hexadecimal values"
"expand","2023-05-05T13:27:11-04:00","passed","check all valid decimal values"
"expand","2023-05-05T13:27:11-04:00","passed","check all valid octal values"
"expand","2023-05-05T13:27:11-04:00","passed","check all hexadecimal values"
"expand","2023-05-05T13:27:11-04:00","passed","check all valid decimal values"
"expand","2023-05-05T13:27:11-04:00","passed","check all valid octal values"
"expand","2023-05-05T13:27:11-04:00","passed","check all hexadecimal values"
"expand","2023-05-05T13:27:11-04:00","passed","check all valid decimal values"
"expand","2023-05-05T13:27:11-04:00","passed","check all valid octal values"
"expand","2023-05-05T13:27:11-04:00","passed","check all hexadecimal values"
"expand","2023-05-05T13:27:11-04:00","passed","check all valid decimal values"
"expand","2023-05-05T13:27:11-04:00","passed","check all valid octal values"
"expand","2023-05-05T13:27:11-04:00","passed","check all hexadecimal values"
"expand","2023-05-05T13:27:11-04:00","passed","check all valid decimal values"
"expand","2023-05-05T13:27:11-04:00","passed","check all valid octal values"
"expand","2023-05-05T13:27:11-04:00","passed","check all hexadecimal values"
"expand","2023-05-05T13:27:11-04:00","passed","check all valid decimal values"
"expand","2023-05-05T13:27:11-04:00","passed","check all valid octal values"
"expand","2023-05-05T13:27:11-04:00","passed","check all hexadecimal values"
"expand","2023-05-05T13:27:11-04:00","passed","check all valid decimal values"
"expand","2023-05-05T13:27:11-04:00","passed","check all valid octal values"
"expand","2023-05-05T13:27:11-04:00","passed","check all hexadecimal values"
"expand","2023-05-05T13:27:11-04:00","passed","check all valid decimal values"
"expand","2023-05-05T13:27:11-04:00","passed","check all valid octal values"
"expand","2023-05-05T13:27:11-04:00","passed","check all hexadecimal values"
"expand","2023-05-05T13:27:11-04:00","passed","check all valid decimal values"
"expand","2023-05-05T13:27:11-04:00","passed","check all valid octal values"
"expand","2023-05-05T13:27:11-04:00","passed","check all hexadecimal values"
"expand","2023-05-05T13:27:11-04:00","passed","check all valid decimal values"
"expand","2023-05-05T13:27:11-04:00","passed","check all valid octal values"
"expand","2023-05-05T13:27:11-04:00","passed","check all hexadecimal values"
"expand","2023-05-05T13:27:11-04:00","passed","check all valid decimal values"
"expand","2023-05-05T13:27:11-04:00","passed","check all valid octal values"
"expand","2023-05-05T13:27:11-04:00","passed","check all hexadecimal values"
"expand","2023-05-05T13:27:11-04:00","passed","check all valid decimal values"
"expand","2023-05-05T13:27:11-04:00","passed","check all valid octal values"
"expand","2023-05-05T13:27:11-04:00","passed","check all hexadecimal values"
"expand","2023-05-05T13:27:11-04:00","passed","check all valid decimal values"
"expand","2023-05-05T13:27:11-04:00","passed","check all valid octal values"
"expand","2023-05-05T13:27:11-04:00","passed","check all hexadecimal values"
"expand","2023-05-05T13:27:11-04:00","passed","check all valid decimal values"
"expand","2023-05-05T13:27:11-04:00","passed","check all valid octal values"
"expand","2023-05-05T13:27:11-04:00","passed","check all hexadecimal values"
"expand","2023-05-05T13:27:11-04:00","passed","check all valid decimal values"
"expand","2023-05-05T13:27:11-04:00","passed","check all valid octal values"
"expand","2023-05-05T13:27:11-04:00","passed","check all hexadecimal values"
"expand","2023-05-05T13:27:11-04:00","passed","check all valid decimal values"
"expand","2023-05-05T13:27:11-04:00","passed","check all valid octal values"
"expand","2023-05-05T13:27:11-04:00","passed","check all hexadecimal values"
"expand","2023-05-05T13:27:11-04:00","passed","check all valid decimal values"
"expand","2023-05-05T13:27:11-04:00","passed","check all valid octal values"
"expand","2023-05-05T13:27:11-04:00","passed","check all hexadecimal values"
"expand","2023-05-05T13:27:11-04:00","passed","check all valid decimal values"
"expand","2023-05-05T13:27:11-04:00","passed","check all valid octal values"
"expand","2023-05-05T13:27:11-04:00","passed","check all hexadecimal values"
"expand","2023-05-05T13:27:11-04:00","passed","check all valid decimal values"
"expand","2023-05-05T13:27:11-04:00","passed","check all valid octal values"
"expand","2023-05-05T13:27:11-04:00","passed","check all hexadecimal values"
"expand","2023-05-05T13:27:11-04:00","passed","check all valid decimal values"
"expand","2023-05-05T13:27:11-04:00","passed","check all valid octal values"
"expand","2023-05-05T13:27:11-04:00","passed","check all hexadecimal values"
"expand","2023-05-05T13:27:11-04:00","passed","check all valid decimal values"
"expand","2023-05-05T13:27:11-04:00","passed","check all valid octal values"
"expand","2023-05-05T13:27:11-04:00","passed","check all hexadecimal values"
"expand","2023-05-05T13:27:11-04:00","passed","check all valid decimal values"
"expand","2023-05-05T13:27:11-04:00","passed","check all valid octal values"
"expand","2023-05-05T13:27:11-04:00","passed","check all hexadecimal values"
"expand","2023-05-05T13:27:11-04:00","passed","check all valid decimal values"
"expand","2023-05-05T13:27:11-04:00","passed","check all valid octal values"
"expand","2023-05-05T13:27:12-04:00","passed","check all hexadecimal values"
"expand","2023-05-05T13:27:12-04:00","passed","check all valid decimal values"
"expand","2023-05-05T13:27:12-04:00","passed","check all valid octal values"
"expand","2023-05-05T13:27:12-04:00","passed","check all hexadecimal values"
"expand","2023-05-05T13:27:12-04:00","passed","check all valid decimal values"
"expand","2023-05-05T13:27:12-04:00","passed","check all valid octal values"
"expand","2023-05-05T13:27:12-04:00","passed","check all hexadecimal values"
"expand","2023-05-05T13:27:12-04:00","passed","check all valid decimal values"
"expand","2023-05-05T13:27:12-04:00","passed","check all valid octal values"
"expand","2023-05-05T13:27:12-04:00","passed","check all hexadecimal values"
"expand","2023-05-05T13:27:12-04:00","passed","check all valid decimal values"
"expand","2023-05-05T13:27:12-04:00","passed","check all valid octal values"
"expand","2023-05-05T13:27:12-04:00","passed","check all hexadecimal values"
"expand","2023-05-05T13:27:12-04:00","passed","check all valid decimal values"
"expand","2023-05-05T13:27:12-04:00","passed","check all valid octal values"
"expand","2023-05-05T13:27:12-04:00","passed","check all hexadecimal values"
"expand","2023-05-05T13:27:12-04:00","passed","check all valid decimal values"
"expand","2023-05-05T13:27:12-04:00","passed","check all valid octal values"
"expand","2023-05-05T13:27:12-04:00","passed","check all hexadecimal values"
"expand","2023-05-05T13:27:12-04:00","passed","check all valid decimal values"
"expand","2023-05-05T13:27:12-04:00","passed","check all valid octal values"
"expand","2023-05-05T13:27:12-04:00","passed","check all hexadecimal values"
"expand","2023-05-05T13:27:12-04:00","passed","check all valid decimal values"
"expand","2023-05-05T13:27:12-04:00","passed","check all valid octal values"
"expand","2023-05-05T13:27:12-04:00","passed","check all hexadecimal values"
"expand","2023-05-05T13:27:12-04:00","passed","check all valid decimal values"
"expand","2023-05-05T13:27:12-04:00","passed","check all valid octal values"
"expand","2023-05-05T13:27:12-04:00","passed","check all hexadecimal values"
"expand","2023-05-05T13:27:12-04:00","passed","check all valid decimal values"
"expand","2023-05-05T13:27:12-04:00","passed","check all valid octal values"
"expand","2023-05-05T13:27:12-04:00","passed","check all hexadecimal values"
"expand","2023-05-05T13:27:12-04:00","passed","check all valid decimal values"
"expand","2023-05-05T13:27:12-04:00","passed","check all valid octal values"
"expand","2023-05-05T13:27:12-04:00","passed","check all hexadecimal values"
"expand","2023-05-05T13:27:12-04:00","passed","check all valid decimal values"
"expand","2023-05-05T13:27:12-04:00","passed","check all valid octal values"
"expand","2023-05-05T13:27:12-04:00","passed","check all hexadecimal values"
"expand","2023-05-05T13:27:12-04:00","passed","check all valid decimal values"
"expand","2023-05-05T13:27:12-04:00","passed","check all valid octal values"
"expand","2023-05-05T13:27:12-04:00","passed","check all hexadecimal values"
"expand","2023-05-05T13:27:12-04:00","passed","check all valid decimal values"
"expand","2023-05-05T13:27:12-04:00","passed","check all valid octal values"
"expand","2023-05-05T13:27:12-04:00","passed","check all hexadecimal values"
"expand","2023-05-05T13:27:12-04:00","passed","check all valid decimal values"
"expand","2023-05-05T13:27:12-04:00","passed","check all valid octal values"
"expand","2023-05-05T13:27:12-04:00","passed","check all hexadecimal values"
"expand","2023-05-05T13:27:12-04:00","passed","check all valid decimal values"
"expand","2023-05-05T13:27:12-04:00","passed","check all valid octal values"
"expand","2023-05-05T13:27:12-04:00","passed","check all hexadecimal values"
"expand","2023-05-05T13:27:12-04:00","passed","check all valid decimal values"
"expand","2023-05-05T13:27:12-04:00","passed","check all valid octal values"
"expand","2023-05-05T13:27:12-04:00","passed","check all hexadecimal values"
"expand","2023-05-05T13:27:12-04:00","passed","check all valid decimal values"
"expand","2023-05-05T13:27:12-04:00","passed","check all valid octal values"
"expand","2023-05-05T13:27:12-04:00","passed","check all hexadecimal values"
"expand","2023-05-05T13:27:12-04:00","passed","check all valid decimal values"
"expand","2023-05-05T13:27:12-04:00","passed","check all valid octal values"
"expand","2023-05-05T13:27:12-04:00","passed","check all hexadecimal values"
"expand","2023-05-05T13:27:12-04:00","passed","check all valid decimal values"
"expand","2023-05-05T13:27:12-04:00","passed","check all valid octal values"
"expand","2023-05-05T13:27:12-04:00","passed","check all hexadecimal values"
"expand","2023-05-05T13:27:12-04:00","passed","check all valid decimal values"
"expand","2023-05-05T13:27:12-04:00","passed","check all valid octal values"
"expand","2023-05-05T13:27:12-04:00","passed","check all hexadecimal values"
"expand","2023-05-05T13:27:12-04:00","passed","check all valid decimal values"
"expand","2023-05-05T13:27:12-04:00","passed","check all valid octal values"
"expand","2023-05-05T13:27:12-04:00","passed","check all hexadecimal values"
"expand","2023-05-05T13:27:12-04:00","passed","check all valid decimal values"
"expand","2023-05-05T13:27:12-04:00","passed","check all valid octal values"
"expand","2023-05-05T13:27:12-04:00","passed","check all hexadecimal values"
"expand","2023-05-05T13:27:12-04:00","passed","check all valid decimal values"
"expand","2023-05-05T13:27:12-04:00","passed","check all valid octal values"
"expand","2023-05-05T13:27:12-04:00","passed","check all hexadecimal values"
"expand","2023-05-05T13:27:12-04:00","passed","check all valid decimal values"
"expand","2023-05-05T13:27:12-04:00","passed","check all valid octal values"
"expand","2023-05-05T13:27:12-04:00","passed","check all hexadecimal values"
"expand","2023-05-05T13:27:12-04:00","passed","check all valid decimal values"
"expand","2023-05-05T13:27:12-04:00","passed","check all valid octal values"
"expand","2023-05-05T13:27:12-04:00","passed","check all hexadecimal values"
"expand","2023-05-05T13:27:13-04:00","passed","check all valid decimal values"
"expand","2023-05-05T13:27:13-04:00","passed","check all valid octal values"
"expand","2023-05-05T13:27:13-04:00","passed","check all hexadecimal values"
"expand","2023-05-05T13:27:13-04:00","passed","check all valid decimal values"
"expand","2023-05-05T13:27:13-04:00","passed","check all valid octal values"
"expand","2023-05-05T13:27:13-04:00","passed","check all hexadecimal values"
"expand","2023-05-05T13:27:13-04:00","passed","check all valid decimal values"
"expand","2023-05-05T13:27:13-04:00","passed","check all valid octal values"
"expand","2023-05-05T13:27:13-04:00","passed","check all hexadecimal values"
"expand","2023-05-05T13:27:13-04:00","passed","check all valid decimal values"
"expand","2023-05-05T13:27:13-04:00","passed","check all valid octal values"
"expand","2023-05-05T13:27:13-04:00","passed","check all hexadecimal values"
"expand","2023-05-05T13:27:13-04:00","passed","check all valid decimal values"
"expand","2023-05-05T13:27:13-04:00","passed","check all valid octal values"
"expand","2023-05-05T13:27:13-04:00","passed","check all hexadecimal values"
"expand","2023-05-05T13:27:13-04:00","passed","check all valid decimal values"
"expand","2023-05-05T13:27:13-04:00","passed","check all valid octal values"
"expand","2023-05-05T13:27:13-04:00","passed","check all hexadecimal values"
"expand","2023-05-05T13:27:13-04:00","passed","check all valid decimal values"
"expand","2023-05-05T13:27:13-04:00","passed","check all valid octal values"
"expand","2023-05-05T13:27:13-04:00","passed","check all hexadecimal values"
"expand","2023-05-05T13:27:13-04:00","passed","check all valid decimal values"
"expand","2023-05-05T13:27:13-04:00","passed","check all valid octal values"
"expand","2023-05-05T13:27:13-04:00","passed","check all hexadecimal values"
"expand","2023-05-05T13:27:13-04:00","passed","check all valid decimal values"
"expand","2023-05-05T13:27:13-04:00","passed","check all valid octal values"
"expand","2023-05-05T13:27:13-04:00","passed","check all hexadecimal values"
"expand","2023-05-05T13:27:13-04:00","passed","check all valid decimal values"
"expand","2023-05-05T13:27:13-04:00","passed","check all valid octal values"
"expand","2023-05-05T13:27:13-04:00","passed","check all hexadecimal values"
"expand","2023-05-05T13:27:13-04:00","passed","check all valid decimal values"
"expand","2023-05-05T13:27:13-04:00","passed","check all valid octal values"
"expand","2023-05-05T13:27:13-04:00","passed","check all hexadecimal values"
"expand","2023-05-05T13:27:13-04:00","passed","check all valid decimal values"
"expand","2023-05-05T13:27:13-04:00","passed","check all valid octal values"
"expand","2023-05-05T13:27:13-04:00","passed","check all hexadecimal values"
"expand","2023-05-05T13:27:13-04:00","passed","check all valid decimal values"
"expand","2023-05-05T13:27:13-04:00","passed","check all valid octal values"
"expand","2023-05-05T13:27:13-04:00","passed","check all hexadecimal values"
"expand","2023-05-05T13:27:13-04:00","passed","check all valid decimal values"
"expand","2023-05-05T13:27:13-04:00","passed","check all valid octal values"
"expand","2023-05-05T13:27:13-04:00","passed","check all hexadecimal values"
"expand","2023-05-05T13:27:13-04:00","passed","check all valid decimal values"
"expand","2023-05-05T13:27:13-04:00","passed","check all valid octal values"
"expand","2023-05-05T13:27:13-04:00","passed","check all hexadecimal values"
"expand","2023-05-05T13:27:13-04:00","passed","check all valid decimal values"
"expand","2023-05-05T13:27:13-04:00","passed","check all valid octal values"
"expand","2023-05-05T13:27:13-04:00","passed","check all hexadecimal values"
"expand","2023-05-05T13:27:13-04:00","passed","check all valid decimal values"
"expand","2023-05-05T13:27:13-04:00","passed","check all valid octal values"
"expand","2023-05-05T13:27:13-04:00","passed","check all hexadecimal values"
"expand","2023-05-05T13:27:13-04:00","passed","check all valid decimal values"
"expand","2023-05-05T13:27:13-04:00","passed","check all valid octal values"
"expand","2023-05-05T13:27:13-04:00","passed","check all hexadecimal values"
"expand","2023-05-05T13:27:13-04:00","passed","check all valid decimal values"
"expand","2023-05-05T13:27:13-04:00","passed","check all valid octal values"
"expand","2023-05-05T13:27:13-04:00","passed","check all hexadecimal values"
"expand","2023-05-05T13:27:13-04:00","passed","check all valid decimal values"
"expand","2023-05-05T13:27:13-04:00","passed","check all valid octal values"
"expand","2023-05-05T13:27:13-04:00","passed","check all hexadecimal values"
"expand","2023-05-05T13:27:13-04:00","passed","check all valid decimal values"
"expand","2023-05-05T13:27:13-04:00","passed","check all valid octal values"
"expand","2023-05-05T13:27:13-04:00","passed","check all hexadecimal values"
"expand","2023-05-05T13:27:13-04:00","passed","check all valid decimal values"
"expand","2023-05-05T13:27:13-04:00","passed","check all valid octal values"
"expand","2023-05-05T13:27:13-04:00","passed","check all hexadecimal values"
"expand","2023-05-05T13:27:13-04:00","passed","check all valid decimal values"
"expand","2023-05-05T13:27:13-04:00","passed","check all valid octal values"
"expand","2023-05-05T13:27:13-04:00","passed","check all hexadecimal values"
"expand","2023-05-05T13:27:13-04:00","passed","check all valid decimal values"
"expand","2023-05-05T13:27:13-04:00","passed","check all valid octal values"
"expand","2023-05-05T13:27:13-04:00","passed","check all hexadecimal values"
"expand","2023-05-05T13:27:13-04:00","passed","check all valid decimal values"
"expand","2023-05-05T13:27:13-04:00","passed","check all valid octal values"
"expand","2023-05-05T13:27:13-04:00","passed","check all hexadecimal values"
"expand","2023-05-05T13:27:13-04:00","passed","check all valid decimal values"
"expand","2023-05-05T13:27:13-04:00","passed","check all valid octal values"
"expand","2023-05-05T13:27:13-04:00","passed","check all hexadecimal values"
"expand","2023-05-05T13:27:13-04:00","passed","check all valid decimal values"
"expand","2023-05-05T13:27:14-04:00","passed","check all valid octal values"
"expand","2023-05-05T13:27:14-04:00","passed","check all hexadecimal values"
"expand","2023-05-05T13:27:14-04:00","passed","check all valid decimal values"
"expand","2023-05-05T13:27:14-04:00","passed","check all valid octal values"
"expand","2023-05-05T13:27:14-04:00","passed","check all hexadecimal values"
"expand","2023-05-05T13:27:14-04:00","passed","check all valid decimal values"
"expand","2023-05-05T13:27:14-04:00","passed","check all valid octal values"
"expand","2023-05-05T13:27:14-04:00","passed","check all hexadecimal values"
"expand","2023-05-05T13:27:14-04:00","passed","check all valid decimal values"
"expand","2023-05-05T13:27:14-04:00","passed","check all valid octal values"
"expand","2023-05-05T13:27:14-04:00","passed","check all hexadecimal values"
"expand","2023-05-05T13:27:14-04:00","passed","check all valid decimal values"
"expand","2023-05-05T13:27:14-04:00","passed","check all valid octal values"
"expand","2023-05-05T13:27:14-04:00","passed","check all hexadecimal values"
"expand","2023-05-05T13:27:14-04:00","passed","check all valid decimal values"
"expand","2023-05-05T13:27:14-04:00","passed","check all valid octal values"
"expand","2023-05-05T13:27:14-04:00","passed","check all hexadecimal values"
"expand","2023-05-05T13:27:14-04:00","passed","check all valid decimal values"
"expand","2023-05-05T13:27:14-04:00","passed","check all valid octal values"
"expand","2023-05-05T13:27:14-04:00","passed","check all hexadecimal values"
"expand","2023-05-05T13:27:14-04:00","passed","check all valid decimal values"
"expand","2023-05-05T13:27:14-04:00","passed","check all valid octal values"
"expand","2023-05-05T13:27:14-04:00","passed","check all hexadecimal values"
"expand","2023-05-05T13:27:14-04:00","passed","check all valid decimal values"
"expand","2023-05-05T13:27:14-04:00","passed","check all valid octal values"
"expand","2023-05-05T13:27:14-04:00","passed","check all hexadecimal values"
"expand","2023-05-05T13:27:14-04:00","passed","check all valid decimal values"
"expand","2023-05-05T13:27:14-04:00","passed","check all valid octal values"
"expand","2023-05-05T13:27:14-04:00","passed","check all hexadecimal values"
"expand","2023-05-05T13:27:14-04:00","passed","check all valid decimal values"
"expand","2023-05-05T13:27:14-04:00","passed","check all valid octal values"
"expand","2023-05-05T13:27:14-04:00","passed","check all hexadecimal values"
"expand","2023-05-05T13:27:14-04:00","passed","check all valid decimal values"
"expand","2023-05-05T13:27:14-04:00","passed","check all valid octal values"
"expand","2023-05-05T13:27:14-04:00","passed","check all hexadecimal values"
"expand","2023-05-05T13:27:14-04:00","passed","check all valid decimal values"
"expand","2023-05-05T13:27:14-04:00","passed","check all valid octal values"
"expand","2023-05-05T13:27:14-04:00","passed","check all hexadecimal values"
"expand","2023-05-05T13:27:14-04:00","passed","check all valid decimal values"
"expand","2023-05-05T13:27:14-04:00","passed","check all valid octal values"
"expand","2023-05-05T13:27:14-04:00","passed","check all hexadecimal values"
"expand","2023-05-05T13:27:14-04:00","passed","check all valid decimal values"
"expand","2023-05-05T13:27:14-04:00","passed","check all valid octal values"
"expand","2023-05-05T13:27:14-04:00","passed","check all hexadecimal values"
"expand","2023-05-05T13:27:14-04:00","passed","check all valid decimal values"
"expand","2023-05-05T13:27:14-04:00","passed","check all valid octal values"
"expand","2023-05-05T13:27:14-04:00","passed","check all hexadecimal values"
"expand","2023-05-05T13:27:14-04:00","passed","check all valid decimal values"
"expand","2023-05-05T13:27:14-04:00","passed","check all valid octal values"
"expand","2023-05-05T13:27:14-04:00","passed","check all hexadecimal values"
"expand","2023-05-05T13:27:14-04:00","passed","check all valid decimal values"
"expand","2023-05-05T13:27:14-04:00","passed","check all valid octal values"
"expand","2023-05-05T13:27:14-04:00","passed","check all hexadecimal values"
"expand","2023-05-05T13:27:14-04:00","passed","check all valid decimal values"
"expand","2023-05-05T13:27:14-04:00","passed","check all valid octal values"
"expand","2023-05-05T13:27:14-04:00","passed","check all hexadecimal values"
"expand","2023-05-05T13:27:14-04:00","passed","check all valid decimal values"
"expand","2023-05-05T13:27:14-04:00","passed","check all valid octal values"
"expand","2023-05-05T13:27:14-04:00","passed","check all hexadecimal values"
"expand","2023-05-05T13:27:14-04:00","passed","test decimal escape characters"
"expand","2023-05-05T13:27:14-04:00","passed","test escape characters"
"getvals","2023-05-05T13:27:14-04:00","passed","integer test"
"getvals","2023-05-05T13:27:14-04:00","passed","real test"
"getvals","2023-05-05T13:27:14-04:00","passed","double test"
"glob","2023-05-05T13:27:14-04:00","passed","string a*abab pattern a*b expected T"
"glob","2023-05-05T13:27:14-04:00","passed","string ab pattern *? expected T"
"glob","2023-05-05T13:27:14-04:00","passed","string abc pattern *? expected T"
"glob","2023-05-05T13:27:14-04:00","passed","string abcccd pattern *ccd expected T"
"glob","2023-05-05T13:27:14-04:00","passed","string bLah pattern bLaH expected F"
"glob","2023-05-05T13:27:14-04:00","passed","string mississippi pattern *sip* expected T"
"glob","2023-05-05T13:27:14-04:00","passed","string xxxx*zzzzzzzzy*f pattern xxx*zzy*f expected T"
"glob","2023-05-05T13:27:14-04:00","passed","string xxxx*zzzzzzzzy*f pattern xxxx*zzy*fffff expected F"
"glob","2023-05-05T13:27:14-04:00","passed","string mississipissippi pattern *issip*ss* expected T"
"glob","2023-05-05T13:27:14-04:00","passed","string xxxxzzzzzzzzyf pattern xxxx*zzy*fffff expected F"
"glob","2023-05-05T13:27:14-04:00","passed","string xxxxzzzzzzzzyf pattern xxxx*zzy*f expected T"
"glob","2023-05-05T13:27:14-04:00","passed","string xyxyxyzyxyz pattern xy*z*xyz expected T"
"glob","2023-05-05T13:27:15-04:00","passed","string xyxyxyxyz pattern xy*xyz expected T"
"glob","2023-05-05T13:27:15-04:00","passed","string mississippi pattern mi*sip* expected T"
"glob","2023-05-05T13:27:15-04:00","passed","string ababac pattern *abac* expected T"
"glob","2023-05-05T13:27:15-04:00","passed","string aaazz pattern a*zz* expected T"
"glob","2023-05-05T13:27:15-04:00","passed","string a12b12 pattern *12*23 expected F"
"glob","2023-05-05T13:27:15-04:00","passed","string a12b12 pattern a12b expected F"
"glob","2023-05-05T13:27:15-04:00","passed","string a12b12 pattern *12*12* expected T"
"glob","2023-05-05T13:27:15-04:00","passed","string * pattern * expected T"
"glob","2023-05-05T13:27:15-04:00","passed","string a*r pattern a* expected T"
"glob","2023-05-05T13:27:15-04:00","passed","string a*ar pattern a*aar expected F"
"glob","2023-05-05T13:27:15-04:00","passed","string XYXYXYZYXYz pattern XY*Z*XYz expected T"
"glob","2023-05-05T13:27:15-04:00","passed","string missisSIPpi pattern *SIP* expected T"
"glob","2023-05-05T13:27:15-04:00","passed","string mississipPI pattern *issip*PI expected T"
"glob","2023-05-05T13:27:15-04:00","passed","string xyxyxyxyz pattern xy*xyz expected T"
"glob","2023-05-05T13:27:15-04:00","passed","string miSsissippi pattern mi*sip* expected T"
"glob","2023-05-05T13:27:15-04:00","passed","string miSsissippi pattern mi*Sip* expected F"
"glob","2023-05-05T13:27:15-04:00","passed","string abAbac pattern *Abac* expected T"
"glob","2023-05-05T13:27:15-04:00","passed","string aAazz pattern a*zz* expected T"
"glob","2023-05-05T13:27:15-04:00","passed","string A12b12 pattern *12*23 expected F"
"glob","2023-05-05T13:27:15-04:00","passed","string a12B12 pattern *12*12* expected T"
"glob","2023-05-05T13:27:15-04:00","passed","string oWn pattern *oWn* expected T"
"glob","2023-05-05T13:27:15-04:00","passed","string bLah pattern bLah expected T"
"glob","2023-05-05T13:27:15-04:00","passed","string a pattern *? expected T"
"glob","2023-05-05T13:27:15-04:00","passed","string a pattern ?? expected F"
"glob","2023-05-05T13:27:15-04:00","passed","string ab pattern ?*? expected T"
"glob","2023-05-05T13:27:15-04:00","passed","string ab pattern *?*?* expected T"
"glob","2023-05-05T13:27:15-04:00","passed","string abc pattern ?**?*? expected T"
"glob","2023-05-05T13:27:15-04:00","passed","string abc pattern ?**?*&? expected F"
"glob","2023-05-05T13:27:15-04:00","passed","string abcd pattern ?b*?? expected T"
"glob","2023-05-05T13:27:15-04:00","passed","string abcd pattern ?a*?? expected F"
"glob","2023-05-05T13:27:15-04:00","passed","string abcd pattern ?**?c? expected T"
"glob","2023-05-05T13:27:15-04:00","passed","string abcd pattern ?**?d? expected F"
"glob","2023-05-05T13:27:15-04:00","passed","string abcde pattern ?*b*?*d*? expected T"
"glob","2023-05-05T13:27:15-04:00","passed","string bLah pattern bL?h expected T"
"glob","2023-05-05T13:27:15-04:00","passed","string bLaaa pattern bLa? expected F"
"glob","2023-05-05T13:27:15-04:00","passed","string bLah pattern bLa? expected T"
"glob","2023-05-05T13:27:15-04:00","passed","string bLaH pattern ?Lah expected F"
"glob","2023-05-05T13:27:15-04:00","passed","string bLaH pattern ?LaH expected T"
"glob","2023-05-05T13:27:15-04:00","passed","string abcdefghijk pattern ?b* expected T"
"glob","2023-05-05T13:27:15-04:00","passed","string abcdefghijk pattern *c* expected T"
"glob","2023-05-05T13:27:15-04:00","passed","string abcdefghijk pattern *c expected F"
"glob","2023-05-05T13:27:15-04:00","passed","string abcdefghijk pattern *c*k expected T"
"glob","2023-05-05T13:27:15-04:00","passed","string LS pattern ?OW expected F"
"glob","2023-05-05T13:27:15-04:00","passed","string teztit pattern tez*t*t expected T"
"glob","2023-05-05T13:27:15-04:00","passed","string e pattern *e* expected T"
"glob","2023-05-05T13:27:15-04:00","passed","string abcde pattern *e      * expected T"
"glob","2023-05-05T13:27:15-04:00","passed","string bababa pattern b*ba expected T"
"glob","2023-05-05T13:27:15-04:00","passed","string baaaaax pattern b*ax expected T"
"glob","2023-05-05T13:27:15-04:00","passed","string baaaaa pattern b*ax expected F"
"glob","2023-05-05T13:27:15-04:00","passed","string baaaaax pattern b*a expected F"
"glob","2023-05-05T13:27:15-04:00","passed","string pattern b* expected F"
"glob","2023-05-05T13:27:15-04:00","passed","string pattern * expected T"
"glob","2023-05-05T13:27:15-04:00","passed","string b pattern expected F"
"glob","2023-05-05T13:27:15-04:00","passed","string 3 pattern ?? expected F"
"glob","2023-05-05T13:27:15-04:00","passed","string aaaaaaaaaaaaaaaaaaaaaaaaaaaaaaaaaaaaaaaaaaaaaaaaaaaaaaaaaaaaaaaaaaaaaaaaaaaaaaaaaaaaaaaaaab pattern a*a*a*a*a*a*aa*aaa*a*a*b expected T"
"glob","2023-05-05T13:27:15-04:00","passed","string abababababababababababababababababababaacacacacacacacadaeafagahaiajakalaaaaaaaaaaaaaaaaaffafagaagggagaaaaaaaab pattern *a*b*ba*ca*a*aa*aaa*fa*ga*b* expected T"
"glob","2023-05-05T13:27:15-04:00","passed","string abababababababababababababababababababaacacacacacacacadaeafagahaiajakalaaaaaaaaaaaaaaaaaffafagaagggagaaaaaaaab pattern *a*b*ba*ca*a*x*aaa*fa*ga*b* expected F"
"glob","2023-05-05T13:27:15-04:00","passed","string abababababababababababababababababababaacacacacacacacadaeafagahaiajakalaaaaaaaaaaaaaaaaaffafagaagggagaaaaaaaab pattern *a*b*ba*ca*aaaa*fa*ga*gggg*b* expected F"
"glob","2023-05-05T13:27:15-04:00","passed","string abababababababababababababababababababaacacacacacacacadaeafagahaiajakalaaaaaaaaaaaaaaaaaffafagaagggagaaaaaaaab pattern *a*b*ba*ca*aaaa*fa*ga*ggg*b* expected T"
"glob","2023-05-05T13:27:15-04:00","passed","string aaabbaabbaab pattern *aabbaa*a* expected T"
"glob","2023-05-05T13:27:15-04:00","passed","string a*a*a*a*a*a*a*a*a*a*a*a*a*a*a*a*a* pattern a*a*a*a*a*a*a*a*a*a*a*a*a*a*a*a*a* expected T"
"glob","2023-05-05T13:27:15-04:00","passed","string aaaaaaaaaaaaaaaaa pattern *a*a*a*a*a*a*a*a*a*a*a*a*a*a*a*a*a* expected T"
"glob","2023-05-05T13:27:15-04:00","passed","string aaaaaaaaaaaaaaaa pattern *a*a*a*a*a*a*a*a*a*a*a*a*a*a*a*a*a* expected F"
"glob","2023-05-05T13:27:15-04:00","passed","string abc*abcd*abcde*abcdef*abcdefg*abcdefgh*abcdefghi*abcdefghij*abcdefghijk*abcdefghijkl*abcdefghijklm*abcdefghijklmn pattern abc*abc*abc*abc*abc*abc*abc*abc*abc*abc*abc*abc*abc*abc*abc*abc*abc* expected F"
"glob","2023-05-05T13:27:15-04:00","passed","string abc*abcd*abcde*abcdef*abcdefg*abcdefgh*abcdefghi*abcdefghij*abcdefghijk*abcdefghijkl*abcdefghijklm*abcdefghijklmn pattern abc*abc*abc*abc*abc*abc*abc*abc*abc*abc*abc*abc* expected T"
"glob","2023-05-05T13:27:15-04:00","passed","string abc*abcd*abcd*abc*abcd pattern abc*abc*abc*abc*abc expected F"
"glob","2023-05-05T13:27:15-04:00","passed","string abc*abcd*abcd*abc*abcd*abcd*abc*abcd*abc*abc*abcd pattern abc*abc*abc*abc*abc*abc*abc*abc*abc*abc*abcd expected T"
"glob","2023-05-05T13:27:15-04:00","passed","string abc pattern ********a********b********c******** expected T"
"glob","2023-05-05T13:27:15-04:00","passed","string ********a********b********c******** pattern abc expected F"
"glob","2023-05-05T13:27:15-04:00","passed","string abc pattern ********a********b********b******** expected F"
"glob","2023-05-05T13:27:15-04:00","passed","string *abc* pattern ***a*b*c*** expected T"
"indent","2023-05-05T13:27:15-04:00","passed","    should be four"
"indent","2023-05-05T13:27:15-04:00","passed","should be zero"
"indent","2023-05-05T13:27:15-04:00","passed","   should be three"
"int","2023-05-05T13:27:16-04:00","passed","test string to integer for overloaded INT()"
"isalnum","2023-05-05T13:27:16-04:00","passed","testing character 0 F"
"isalnum","2023-05-05T13:27:16-04:00","passed","testing character 1 F"
"isalnum","2023-05-05T13:27:16-04:00","passed","testing character 2 F"
"isalnum","2023-05-05T13:27:16-04:00","passed","testing character 3 F"
"isalnum","2023-05-05T13:27:16-04:00","passed","testing character 4 F"
"isalnum","2023-05-05T13:27:16-04:00","passed","testing character 5 F"
"isalnum","2023-05-05T13:27:16-04:00","passed","testing character 6 F"
"isalnum","2023-05-05T13:27:16-04:00","passed","testing character 7 F"
"isalnum","2023-05-05T13:27:16-04:00","passed","testing character 8 F"
"isalnum","2023-05-05T13:27:16-04:00","passed","testing character 9 F"
"isalnum","2023-05-05T13:27:16-04:00","passed","testing character 10 F"
"isalnum","2023-05-05T13:27:16-04:00","passed","testing character 11 F"
"isalnum","2023-05-05T13:27:16-04:00","passed","testing character 12 F"
"isalnum","2023-05-05T13:27:16-04:00","passed","testing character 13 F"
"isalnum","2023-05-05T13:27:16-04:00","passed","testing character 14 F"
"isalnum","2023-05-05T13:27:16-04:00","passed","testing character 15 F"
"isalnum","2023-05-05T13:27:16-04:00","passed","testing character 16 F"
"isalnum","2023-05-05T13:27:16-04:00","passed","testing character 17 F"
"isalnum","2023-05-05T13:27:16-04:00","passed","testing character 18 F"
"isalnum","2023-05-05T13:27:16-04:00","passed","testing character 19 F"
"isalnum","2023-05-05T13:27:16-04:00","passed","testing character 20 F"
"isalnum","2023-05-05T13:27:16-04:00","passed","testing character 21 F"
"isalnum","2023-05-05T13:27:16-04:00","passed","testing character 22 F"
"isalnum","2023-05-05T13:27:16-04:00","passed","testing character 23 F"
"isalnum","2023-05-05T13:27:16-04:00","passed","testing character 24 F"
"isalnum","2023-05-05T13:27:16-04:00","passed","testing character 25 F"
"isalnum","2023-05-05T13:27:16-04:00","passed","testing character 26 F"
"isalnum","2023-05-05T13:27:16-04:00","passed","testing character 27 F"
"isalnum","2023-05-05T13:27:16-04:00","passed","testing character 28 F"
"isalnum","2023-05-05T13:27:16-04:00","passed","testing character 29 F"
"isalnum","2023-05-05T13:27:16-04:00","passed","testing character 30 F"
"isalnum","2023-05-05T13:27:16-04:00","passed","testing character 31 F"
"isalnum","2023-05-05T13:27:16-04:00","passed","testing character 32 F"
"isalnum","2023-05-05T13:27:16-04:00","passed","testing character 33 F"
"isalnum","2023-05-05T13:27:16-04:00","passed","testing character 34 F"
"isalnum","2023-05-05T13:27:16-04:00","passed","testing character 35 F"
"isalnum","2023-05-05T13:27:16-04:00","passed","testing character 36 F"
"isalnum","2023-05-05T13:27:16-04:00","passed","testing character 37 F"
"isalnum","2023-05-05T13:27:16-04:00","passed","testing character 38 F"
"isalnum","2023-05-05T13:27:16-04:00","passed","testing character 39 F"
"isalnum","2023-05-05T13:27:16-04:00","passed","testing character 40 F"
"isalnum","2023-05-05T13:27:16-04:00","passed","testing character 41 F"
"isalnum","2023-05-05T13:27:16-04:00","passed","testing character 42 F"
"isalnum","2023-05-05T13:27:16-04:00","passed","testing character 43 F"
"isalnum","2023-05-05T13:27:16-04:00","passed","testing character 44 F"
"isalnum","2023-05-05T13:27:16-04:00","passed","testing character 45 F"
"isalnum","2023-05-05T13:27:16-04:00","passed","testing character 46 F"
"isalnum","2023-05-05T13:27:16-04:00","passed","testing character 47 F"
"isalnum","2023-05-05T13:27:16-04:00","passed","testing character 48 T"
"isalnum","2023-05-05T13:27:16-04:00","passed","testing character 49 T"
"isalnum","2023-05-05T13:27:16-04:00","passed","testing character 50 T"
"isalnum","2023-05-05T13:27:16-04:00","passed","testing character 51 T"
"isalnum","2023-05-05T13:27:16-04:00","passed","testing character 52 T"
"isalnum","2023-05-05T13:27:16-04:00","passed","testing character 53 T"
"isalnum","2023-05-05T13:27:16-04:00","passed","testing character 54 T"
"isalnum","2023-05-05T13:27:16-04:00","passed","testing character 55 T"
"isalnum","2023-05-05T13:27:16-04:00","passed","testing character 56 T"
"isalnum","2023-05-05T13:27:16-04:00","passed","testing character 57 T"
"isalnum","2023-05-05T13:27:16-04:00","passed","testing character 58 F"
"isalnum","2023-05-05T13:27:16-04:00","passed","testing character 59 F"
"isalnum","2023-05-05T13:27:16-04:00","passed","testing character 60 F"
"isalnum","2023-05-05T13:27:16-04:00","passed","testing character 61 F"
"isalnum","2023-05-05T13:27:16-04:00","passed","testing character 62 F"
"isalnum","2023-05-05T13:27:16-04:00","passed","testing character 63 F"
"isalnum","2023-05-05T13:27:16-04:00","passed","testing character 64 F"
"isalnum","2023-05-05T13:27:16-04:00","passed","testing character 65 T"
"isalnum","2023-05-05T13:27:16-04:00","passed","testing character 66 T"
"isalnum","2023-05-05T13:27:16-04:00","passed","testing character 67 T"
"isalnum","2023-05-05T13:27:16-04:00","passed","testing character 68 T"
"isalnum","2023-05-05T13:27:16-04:00","passed","testing character 69 T"
"isalnum","2023-05-05T13:27:16-04:00","passed","testing character 70 T"
"isalnum","2023-05-05T13:27:16-04:00","passed","testing character 71 T"
"isalnum","2023-05-05T13:27:17-04:00","passed","testing character 72 T"
"isalnum","2023-05-05T13:27:17-04:00","passed","testing character 73 T"
"isalnum","2023-05-05T13:27:17-04:00","passed","testing character 74 T"
"isalnum","2023-05-05T13:27:17-04:00","passed","testing character 75 T"
"isalnum","2023-05-05T13:27:17-04:00","passed","testing character 76 T"
"isalnum","2023-05-05T13:27:17-04:00","passed","testing character 77 T"
"isalnum","2023-05-05T13:27:17-04:00","passed","testing character 78 T"
"isalnum","2023-05-05T13:27:17-04:00","passed","testing character 79 T"
"isalnum","2023-05-05T13:27:17-04:00","passed","testing character 80 T"
"isalnum","2023-05-05T13:27:17-04:00","passed","testing character 81 T"
"isalnum","2023-05-05T13:27:17-04:00","passed","testing character 82 T"
"isalnum","2023-05-05T13:27:17-04:00","passed","testing character 83 T"
"isalnum","2023-05-05T13:27:17-04:00","passed","testing character 84 T"
"isalnum","2023-05-05T13:27:17-04:00","passed","testing character 85 T"
"isalnum","2023-05-05T13:27:17-04:00","passed","testing character 86 T"
"isalnum","2023-05-05T13:27:17-04:00","passed","testing character 87 T"
"isalnum","2023-05-05T13:27:17-04:00","passed","testing character 88 T"
"isalnum","2023-05-05T13:27:17-04:00","passed","testing character 89 T"
"isalnum","2023-05-05T13:27:17-04:00","passed","testing character 90 T"
"isalnum","2023-05-05T13:27:17-04:00","passed","testing character 91 F"
"isalnum","2023-05-05T13:27:17-04:00","passed","testing character 92 F"
"isalnum","2023-05-05T13:27:17-04:00","passed","testing character 93 F"
"isalnum","2023-05-05T13:27:17-04:00","passed","testing character 94 F"
"isalnum","2023-05-05T13:27:17-04:00","passed","testing character 95 F"
"isalnum","2023-05-05T13:27:17-04:00","passed","testing character 96 F"
"isalnum","2023-05-05T13:27:17-04:00","passed","testing character 97 T"
"isalnum","2023-05-05T13:27:17-04:00","passed","testing character 98 T"
"isalnum","2023-05-05T13:27:17-04:00","passed","testing character 99 T"
"isalnum","2023-05-05T13:27:17-04:00","passed","testing character 100 T"
"isalnum","2023-05-05T13:27:17-04:00","passed","testing character 101 T"
"isalnum","2023-05-05T13:27:17-04:00","passed","testing character 102 T"
"isalnum","2023-05-05T13:27:17-04:00","passed","testing character 103 T"
"isalnum","2023-05-05T13:27:17-04:00","passed","testing character 104 T"
"isalnum","2023-05-05T13:27:17-04:00","passed","testing character 105 T"
"isalnum","2023-05-05T13:27:17-04:00","passed","testing character 106 T"
"isalnum","2023-05-05T13:27:17-04:00","passed","testing character 107 T"
"isalnum","2023-05-05T13:27:17-04:00","passed","testing character 108 T"
"isalnum","2023-05-05T13:27:17-04:00","passed","testing character 109 T"
"isalnum","2023-05-05T13:27:17-04:00","passed","testing character 110 T"
"isalnum","2023-05-05T13:27:17-04:00","passed","testing character 111 T"
"isalnum","2023-05-05T13:27:17-04:00","passed","testing character 112 T"
"isalnum","2023-05-05T13:27:17-04:00","passed","testing character 113 T"
"isalnum","2023-05-05T13:27:17-04:00","passed","testing character 114 T"
"isalnum","2023-05-05T13:27:17-04:00","passed","testing character 115 T"
"isalnum","2023-05-05T13:27:17-04:00","passed","testing character 116 T"
"isalnum","2023-05-05T13:27:17-04:00","passed","testing character 117 T"
"isalnum","2023-05-05T13:27:17-04:00","passed","testing character 118 T"
"isalnum","2023-05-05T13:27:17-04:00","passed","testing character 119 T"
"isalnum","2023-05-05T13:27:17-04:00","passed","testing character 120 T"
"isalnum","2023-05-05T13:27:17-04:00","passed","testing character 121 T"
"isalnum","2023-05-05T13:27:17-04:00","passed","testing character 122 T"
"isalnum","2023-05-05T13:27:17-04:00","passed","testing character 123 F"
"isalnum","2023-05-05T13:27:17-04:00","passed","testing character 124 F"
"isalnum","2023-05-05T13:27:17-04:00","passed","testing character 125 F"
"isalnum","2023-05-05T13:27:17-04:00","passed","testing character 126 F"
"isalnum","2023-05-05T13:27:17-04:00","passed","testing character 127 F"
"isalpha","2023-05-05T13:27:17-04:00","passed",""
"isascii","2023-05-05T13:27:17-04:00","passed",""
"isblank","2023-05-05T13:27:17-04:00","passed",""
"iscntrl","2023-05-05T13:27:17-04:00","passed",""
"isdigit","2023-05-05T13:27:17-04:00","passed",""
"isgraph","2023-05-05T13:27:17-04:00","passed",""
"islower","2023-05-05T13:27:17-04:00","passed","testing character 0 F"
"islower","2023-05-05T13:27:17-04:00","passed","testing character 1 F"
"islower","2023-05-05T13:27:17-04:00","passed","testing character 2 F"
"islower","2023-05-05T13:27:17-04:00","passed","testing character 3 F"
"islower","2023-05-05T13:27:18-04:00","passed","testing character 4 F"
"islower","2023-05-05T13:27:18-04:00","passed","testing character 5 F"
"islower","2023-05-05T13:27:18-04:00","passed","testing character 6 F"
"islower","2023-05-05T13:27:18-04:00","passed","testing character 7 F"
"islower","2023-05-05T13:27:18-04:00","passed","testing character 8 F"
"islower","2023-05-05T13:27:18-04:00","passed","testing character 9 F"
"islower","2023-05-05T13:27:18-04:00","passed","testing character 10 F"
"islower","2023-05-05T13:27:18-04:00","passed","testing character 11 F"
"islower","2023-05-05T13:27:18-04:00","passed","testing character 12 F"
"islower","2023-05-05T13:27:18-04:00","passed","testing character 13 F"
"islower","2023-05-05T13:27:18-04:00","passed","testing character 14 F"
"islower","2023-05-05T13:27:18-04:00","passed","testing character 15 F"
"islower","2023-05-05T13:27:18-04:00","passed","testing character 16 F"
"islower","2023-05-05T13:27:18-04:00","passed","testing character 17 F"
"islower","2023-05-05T13:27:18-04:00","passed","testing character 18 F"
"islower","2023-05-05T13:27:18-04:00","passed","testing character 19 F"
"islower","2023-05-05T13:27:18-04:00","passed","testing character 20 F"
"islower","2023-05-05T13:27:18-04:00","passed","testing character 21 F"
"islower","2023-05-05T13:27:18-04:00","passed","testing character 22 F"
"islower","2023-05-05T13:27:18-04:00","passed","testing character 23 F"
"islower","2023-05-05T13:27:18-04:00","passed","testing character 24 F"
"islower","2023-05-05T13:27:18-04:00","passed","testing character 25 F"
"islower","2023-05-05T13:27:18-04:00","passed","testing character 26 F"
"islower","2023-05-05T13:27:18-04:00","passed","testing character 27 F"
"islower","2023-05-05T13:27:18-04:00","passed","testing character 28 F"
"islower","2023-05-05T13:27:18-04:00","passed","testing character 29 F"
"islower","2023-05-05T13:27:18-04:00","passed","testing character 30 F"
"islower","2023-05-05T13:27:18-04:00","passed","testing character 31 F"
"islower","2023-05-05T13:27:18-04:00","passed","testing character 32 F"
"islower","2023-05-05T13:27:18-04:00","passed","testing character 33 F"
"islower","2023-05-05T13:27:18-04:00","passed","testing character 34 F"
"islower","2023-05-05T13:27:18-04:00","passed","testing character 35 F"
"islower","2023-05-05T13:27:18-04:00","passed","testing character 36 F"
"islower","2023-05-05T13:27:18-04:00","passed","testing character 37 F"
"islower","2023-05-05T13:27:18-04:00","passed","testing character 38 F"
"islower","2023-05-05T13:27:18-04:00","passed","testing character 39 F"
"islower","2023-05-05T13:27:18-04:00","passed","testing character 40 F"
"islower","2023-05-05T13:27:18-04:00","passed","testing character 41 F"
"islower","2023-05-05T13:27:18-04:00","passed","testing character 42 F"
"islower","2023-05-05T13:27:18-04:00","passed","testing character 43 F"
"islower","2023-05-05T13:27:18-04:00","passed","testing character 44 F"
"islower","2023-05-05T13:27:18-04:00","passed","testing character 45 F"
"islower","2023-05-05T13:27:18-04:00","passed","testing character 46 F"
"islower","2023-05-05T13:27:18-04:00","passed","testing character 47 F"
"islower","2023-05-05T13:27:18-04:00","passed","testing character 48 F"
"islower","2023-05-05T13:27:18-04:00","passed","testing character 49 F"
"islower","2023-05-05T13:27:18-04:00","passed","testing character 50 F"
"islower","2023-05-05T13:27:18-04:00","passed","testing character 51 F"
"islower","2023-05-05T13:27:18-04:00","passed","testing character 52 F"
"islower","2023-05-05T13:27:18-04:00","passed","testing character 53 F"
"islower","2023-05-05T13:27:18-04:00","passed","testing character 54 F"
"islower","2023-05-05T13:27:18-04:00","passed","testing character 55 F"
"islower","2023-05-05T13:27:18-04:00","passed","testing character 56 F"
"islower","2023-05-05T13:27:18-04:00","passed","testing character 57 F"
"islower","2023-05-05T13:27:18-04:00","passed","testing character 58 F"
"islower","2023-05-05T13:27:18-04:00","passed","testing character 59 F"
"islower","2023-05-05T13:27:18-04:00","passed","testing character 60 F"
"islower","2023-05-05T13:27:18-04:00","passed","testing character 61 F"
"islower","2023-05-05T13:27:18-04:00","passed","testing character 62 F"
"islower","2023-05-05T13:27:18-04:00","passed","testing character 63 F"
"islower","2023-05-05T13:27:18-04:00","passed","testing character 64 F"
"islower","2023-05-05T13:27:18-04:00","passed","testing character 65 F"
"islower","2023-05-05T13:27:18-04:00","passed","testing character 66 F"
"islower","2023-05-05T13:27:18-04:00","passed","testing character 67 F"
"islower","2023-05-05T13:27:18-04:00","passed","testing character 68 F"
"islower","2023-05-05T13:27:18-04:00","passed","testing character 69 F"
"islower","2023-05-05T13:27:18-04:00","passed","testing character 70 F"
"islower","2023-05-05T13:27:18-04:00","passed","testing character 71 F"
"islower","2023-05-05T13:27:18-04:00","passed","testing character 72 F"
"islower","2023-05-05T13:27:18-04:00","passed","testing character 73 F"
"islower","2023-05-05T13:27:18-04:00","passed","testing character 74 F"
"islower","2023-05-05T13:27:18-04:00","passed","testing character 75 F"
"islower","2023-05-05T13:27:18-04:00","passed","testing character 76 F"
"islower","2023-05-05T13:27:18-04:00","passed","testing character 77 F"
"islower","2023-05-05T13:27:18-04:00","passed","testing character 78 F"
"islower","2023-05-05T13:27:18-04:00","passed","testing character 79 F"
"islower","2023-05-05T13:27:18-04:00","passed","testing character 80 F"
"islower","2023-05-05T13:27:18-04:00","passed","testing character 81 F"
"islower","2023-05-05T13:27:19-04:00","passed","testing character 82 F"
"islower","2023-05-05T13:27:19-04:00","passed","testing character 83 F"
"islower","2023-05-05T13:27:19-04:00","passed","testing character 84 F"
"islower","2023-05-05T13:27:19-04:00","passed","testing character 85 F"
"islower","2023-05-05T13:27:19-04:00","passed","testing character 86 F"
"islower","2023-05-05T13:27:19-04:00","passed","testing character 87 F"
"islower","2023-05-05T13:27:19-04:00","passed","testing character 88 F"
"islower","2023-05-05T13:27:19-04:00","passed","testing character 89 F"
"islower","2023-05-05T13:27:19-04:00","passed","testing character 90 F"
"islower","2023-05-05T13:27:19-04:00","passed","testing character 91 F"
"islower","2023-05-05T13:27:19-04:00","passed","testing character 92 F"
"islower","2023-05-05T13:27:19-04:00","passed","testing character 93 F"
"islower","2023-05-05T13:27:19-04:00","passed","testing character 94 F"
"islower","2023-05-05T13:27:19-04:00","passed","testing character 95 F"
"islower","2023-05-05T13:27:19-04:00","passed","testing character 96 F"
"islower","2023-05-05T13:27:19-04:00","passed","testing character 97 T"
"islower","2023-05-05T13:27:19-04:00","passed","testing character 98 T"
"islower","2023-05-05T13:27:19-04:00","passed","testing character 99 T"
"islower","2023-05-05T13:27:19-04:00","passed","testing character 100 T"
"islower","2023-05-05T13:27:19-04:00","passed","testing character 101 T"
"islower","2023-05-05T13:27:19-04:00","passed","testing character 102 T"
"islower","2023-05-05T13:27:19-04:00","passed","testing character 103 T"
"islower","2023-05-05T13:27:19-04:00","passed","testing character 104 T"
"islower","2023-05-05T13:27:19-04:00","passed","testing character 105 T"
"islower","2023-05-05T13:27:19-04:00","passed","testing character 106 T"
"islower","2023-05-05T13:27:19-04:00","passed","testing character 107 T"
"islower","2023-05-05T13:27:19-04:00","passed","testing character 108 T"
"islower","2023-05-05T13:27:19-04:00","passed","testing character 109 T"
"islower","2023-05-05T13:27:19-04:00","passed","testing character 110 T"
"islower","2023-05-05T13:27:19-04:00","passed","testing character 111 T"
"islower","2023-05-05T13:27:19-04:00","passed","testing character 112 T"
"islower","2023-05-05T13:27:19-04:00","passed","testing character 113 T"
"islower","2023-05-05T13:27:19-04:00","passed","testing character 114 T"
"islower","2023-05-05T13:27:19-04:00","passed","testing character 115 T"
"islower","2023-05-05T13:27:19-04:00","passed","testing character 116 T"
"islower","2023-05-05T13:27:19-04:00","passed","testing character 117 T"
"islower","2023-05-05T13:27:19-04:00","passed","testing character 118 T"
"islower","2023-05-05T13:27:19-04:00","passed","testing character 119 T"
"islower","2023-05-05T13:27:19-04:00","passed","testing character 120 T"
"islower","2023-05-05T13:27:19-04:00","passed","testing character 121 T"
"islower","2023-05-05T13:27:19-04:00","passed","testing character 122 T"
"islower","2023-05-05T13:27:19-04:00","passed","testing character 123 F"
"islower","2023-05-05T13:27:19-04:00","passed","testing character 124 F"
"islower","2023-05-05T13:27:19-04:00","passed","testing character 125 F"
"islower","2023-05-05T13:27:19-04:00","passed","testing character 126 F"
"islower","2023-05-05T13:27:19-04:00","passed","testing character 127 F"
"isnumber","2023-05-05T13:27:19-04:00","passed","integer string"
"isnumber","2023-05-05T13:27:19-04:00","passed","whole number string"
"isnumber","2023-05-05T13:27:19-04:00","passed","real string"
"isnumber","2023-05-05T13:27:19-04:00","passed","real string"
"isnumber","2023-05-05T13:27:19-04:00","passed","exponent string"
"isnumber","2023-05-05T13:27:19-04:00","passed","non-numeric string"
"isprint","2023-05-05T13:27:19-04:00","passed",""
"ispunct","2023-05-05T13:27:19-04:00","passed",""
"isspace","2023-05-05T13:27:19-04:00","passed",""
"isupper","2023-05-05T13:27:19-04:00","passed",""
"isxdigit","2023-05-05T13:27:19-04:00","passed",""
"join","2023-05-05T13:27:19-04:00","passed","output is United we stand, divided we fall."
"join","2023-05-05T13:27:19-04:00","passed","output is United     we        stand,    divided   we fall."
"join","2023-05-05T13:27:19-04:00","passed","output is United    | we       | stand,   | divided  | we fall."
"join","2023-05-05T13:27:19-04:00","passed","output is United<> we<> stand,<> divided<> we fall."
"join","2023-05-05T13:27:19-04:00","passed","output is [United];[ we];[ stand,];[ divided];[ we fall.]"
"join","2023-05-05T13:27:19-04:00","passed","output is [United][ we][ stand,][ divided][ we fall.]"
"join","2023-05-05T13:27:19-04:00","passed","output is >>United>> we>> stand,>> divided>> we fall."
"join","2023-05-05T13:27:19-04:00","passed","output is"
"join","2023-05-05T13:27:19-04:00","passed","output is"
"join","2023-05-05T13:27:20-04:00","passed","output is"
"join","2023-05-05T13:27:20-04:00","passed","output is"
"join","2023-05-05T13:27:20-04:00","passed","output is []"
"join","2023-05-05T13:27:20-04:00","passed","output is []"
"join","2023-05-05T13:27:20-04:00","passed","output is >>"
"lenset","2023-05-05T13:27:20-04:00","passed",""
"lenset","2023-05-05T13:27:20-04:00","passed",""
"lenset","2023-05-05T13:27:20-04:00","passed",""
"lenset","2023-05-05T13:27:20-04:00","passed",""
"len_white","2023-05-05T13:27:20-04:00","passed",""
"listout","2023-05-05T13:27:20-04:00","passed","check error status ierr=0"
"listout","2023-05-05T13:27:20-04:00","passed","expand"
"lower","2023-05-05T13:27:20-04:00","passed","lower abcdefghijklmnopqrstuvwxyz0123456789 expected abcdefghijklmnopqrstuvwxyz0123456789"
"upper","2023-05-05T13:27:20-04:00","passed","range ABCDEFGHijklmnOPQRSTUVWXYZ0123456789 expected ABCDEFGHijklmnOPQRSTUVWXYZ0123456789"
"lpad","2023-05-05T13:27:20-04:00","passed","   4 vs    4"
"lpad","2023-05-05T13:27:20-04:00","passed","   4 vs    4"
"lpad","2023-05-05T13:27:20-04:00","passed"," 123 vs  123"
"lpad","2023-05-05T13:27:20-04:00","passed","[    1 ,   12 ,  123 , 1234 ]"
"match_delimiter","2023-05-05T13:27:20-04:00","skipped","match_delimiter(3f) tests completed"
"merge_str","2023-05-05T13:27:20-04:00","passed","check true value"
"merge_str","2023-05-05T13:27:20-04:00","passed","check false value"
"modif","2023-05-05T13:27:20-04:00","passed","ABCDEFGHIJKLMNOPQRSTUVWXYZ"
"modif","2023-05-05T13:27:20-04:00","passed","###%aaaa# 1 2 3&  ^up"
"modif","2023-05-05T13:27:20-04:00","passed","%aaaaJ1L2N3 QRupSTUVWXYZ"
"combined","2023-05-05T13:27:20-04:00","passed","combined lower(),reverse(),switch()"
"nint","2023-05-05T13:27:20-04:00","passed","test string to integer for overloaded NINT( 1234.4 )"
"nint","2023-05-05T13:27:20-04:00","passed","test string to integer for overloaded NINT( 1234.5 )"
"nint","2023-05-05T13:27:20-04:00","passed","test string to integer for overloaded NINT( 1234.6 )"
"noesc","2023-05-05T13:27:20-04:00","passed",""
"nospace","2023-05-05T13:27:20-04:00","passed",""
"notabs","2023-05-05T13:27:20-04:00","passed","expand a line with tabs in it"
"pad","2023-05-05T13:27:20-04:00","passed","check if padded"
"pad","2023-05-05T13:27:20-04:00","passed","check padded length"
"pad","2023-05-05T13:27:20-04:00","passed","check not truncated"
"quote","2023-05-05T13:27:20-04:00","passed"," this is a test  ==>  this is a test"
"quote","2023-05-05T13:27:20-04:00","passed"," test a   quote   around a string  ==>  test a   quote   around a string"
"real","2023-05-05T13:27:20-04:00","passed","test string to real for overloaded REAL()"
"replace","2023-05-05T13:27:20-04:00","passed",""
"replace","2023-05-05T13:27:20-04:00","passed",""
"replace","2023-05-05T13:27:20-04:00","passed",""
"replace","2023-05-05T13:27:20-04:00","passed","example of using RANGE a b ab baaa aaCCCC CCCC CCCC a a a aa aaaaaa"
"replace","2023-05-05T13:27:20-04:00","passed","example of leading space in new= 10 -9"
"replace","2023-05-05T13:27:20-04:00","passed","example of leading space in new= 12 -10"
"replace","2023-05-05T13:27:20-04:00","passed","spaces=  -"
"replace","2023-05-05T13:27:20-04:00","passed","spaces=  - - -"
"replace","2023-05-05T13:27:20-04:00","passed","spaces= 12 -10 -"
"reverse","2023-05-05T13:27:21-04:00","passed",""
"rotate13","2023-05-05T13:27:21-04:00","passed","United we stand, divided we fall. ==> Havgrq jr fgnaq, qvivqrq jr snyy."
"rpad","2023-05-05T13:27:21-04:00","passed","4 vs 4"
"rpad","2023-05-05T13:27:21-04:00","passed","-4 vs -4"
"rpad","2023-05-05T13:27:21-04:00","passed","[123 ] vs [ 123 ]"
"rpad","2023-05-05T13:27:21-04:00","passed","[ 1    , 12   , 123  , 1234 ]"
"s2c","2023-05-05T13:27:21-04:00","skipped","UNTESTED"
"s2v","2023-05-05T13:27:21-04:00","passed","SUM= 16.111110899183487 SUM2= 16.111110899183487 DELTA= 1.1754943508222875E-38"
"s2vs","2023-05-05T13:27:21-04:00","passed","number of values"
"s2vs","2023-05-05T13:27:21-04:00","passed",""
"setbits","2023-05-05T13:27:21-04:00","skipped","setbits(3f) tests completed"
"split","2023-05-05T13:27:21-04:00","passed","test delimiter"
"split","2023-05-05T13:27:21-04:00","passed","test delimiter"
"squeeze","2023-05-05T13:27:21-04:00","passed",""
"stretch","2023-05-05T13:27:21-04:00","passed","check if padded"
"stretch","2023-05-05T13:27:21-04:00","passed","check padded length"
"stretch","2023-05-05T13:27:21-04:00","passed","check not truncated"
"string_to_value","2023-05-05T13:27:21-04:00","passed",""
"string_to_value","2023-05-05T13:27:21-04:00","passed",""
"string_to_value","2023-05-05T13:27:21-04:00","passed",""
"string_to_value","2023-05-05T13:27:21-04:00","passed",""
"string_to_value","2023-05-05T13:27:21-04:00","passed",""
"string_to_values","2023-05-05T13:27:21-04:00","passed"," 10 20e3;3.45 -400.3e-2;1234; 5678"
"string_to_values","2023-05-05T13:27:21-04:00","passed","10.0000000 2.29999995 3.14159989"
"string_to_values","2023-05-05T13:27:21-04:00","passed","number of values is 3"
"strtok","2023-05-05T13:27:21-04:00","passed","parse a line into tokens with strtok(3f)"
"substitute","2023-05-05T13:27:21-04:00","passed","test if ier is 3, ier= 3 targetline= This ## that ##d ##y other"
"substitute","2023-05-05T13:27:21-04:00","passed","checking en to ##"
"substitute","2023-05-05T13:27:21-04:00","passed","OLD: NEW:BEGINNING:"
"substitute","2023-05-05T13:27:21-04:00","passed","OLD:This NEW:THIS"
"substitute","2023-05-05T13:27:21-04:00","passed","OLD:that NEW:LONGER STRING"
"substitute","2023-05-05T13:27:21-04:00","passed","OLD:LONGER STRING  NEW:"
"switch","2023-05-05T13:27:21-04:00","passed",""
"transliterate","2023-05-05T13:27:21-04:00","passed","transliterate to uppercase"
"transliterate","2023-05-05T13:27:21-04:00","passed","transliterate to lowercase"
"trimzeros_","2023-05-05T13:27:21-04:00","skipped","UNTESTED"
"unquote","2023-05-05T13:27:21-04:00","passed","this is a test==>this is a test"
"unquote","2023-05-05T13:27:21-04:00","passed","test a  quote  around a string==>test a  quote  around a string"
"upper","2023-05-05T13:27:21-04:00","passed","ABCDEFGHIJKLMNOPQRSTUVWXYZ0123456789"
"upper","2023-05-05T13:27:21-04:00","passed","range abcdefghIJKLMNopqrstuvwxyz0123456789 expected abcdefghIJKLMNopqrstuvwxyz0123456789"
"v2s","2023-05-05T13:27:21-04:00","passed","integer 1234"
"v2s","2023-05-05T13:27:21-04:00","passed","logical T"
"v2s","2023-05-05T13:27:21-04:00","passed","logical F"
"value_to_string","2023-05-05T13:27:22-04:00","passed","value_to_string0"
"visible","2023-05-05T13:27:22-04:00","passed","32"
"visible","2023-05-05T13:27:22-04:00","passed","33"
"visible","2023-05-05T13:27:22-04:00","passed","34"
"visible","2023-05-05T13:27:22-04:00","passed","35 #"
"visible","2023-05-05T13:27:22-04:00","passed","36 $"
"visible","2023-05-05T13:27:22-04:00","passed","37 %"
"visible","2023-05-05T13:27:22-04:00","passed","38 &"
"visible","2023-05-05T13:27:22-04:00","passed","39 '"
"visible","2023-05-05T13:27:22-04:00","passed","40 ("
"visible","2023-05-05T13:27:22-04:00","passed","41 )"
"visible","2023-05-05T13:27:22-04:00","passed","42 *"
"visible","2023-05-05T13:27:22-04:00","passed","43 +"
"visible","2023-05-05T13:27:22-04:00","passed","44"
"visible","2023-05-05T13:27:22-04:00","passed","45 -"
"visible","2023-05-05T13:27:22-04:00","passed","46 ."
"visible","2023-05-05T13:27:22-04:00","passed","47"
"visible","2023-05-05T13:27:22-04:00","passed","48 0"
"visible","2023-05-05T13:27:22-04:00","passed","49 1"
"visible","2023-05-05T13:27:22-04:00","passed","50 2"
"visible","2023-05-05T13:27:22-04:00","passed","51 3"
"visible","2023-05-05T13:27:22-04:00","passed","52 4"
"visible","2023-05-05T13:27:22-04:00","passed","53 5"
"visible","2023-05-05T13:27:22-04:00","passed","54 6"
"visible","2023-05-05T13:27:22-04:00","passed","55 7"
"visible","2023-05-05T13:27:22-04:00","passed","56 8"
"visible","2023-05-05T13:27:22-04:00","passed","57 9"
"visible","2023-05-05T13:27:22-04:00","passed","58 :"
"visible","2023-05-05T13:27:22-04:00","passed","59"
"visible","2023-05-05T13:27:22-04:00","passed","60 <"
"visible","2023-05-05T13:27:22-04:00","passed","61 ="
"visible","2023-05-05T13:27:22-04:00","passed","62 >"
"visible","2023-05-05T13:27:22-04:00","passed","63"
"visible","2023-05-05T13:27:22-04:00","passed","64 @"
"visible","2023-05-05T13:27:22-04:00","passed","65 A"
"visible","2023-05-05T13:27:22-04:00","passed","66 B"
"visible","2023-05-05T13:27:22-04:00","passed","67 C"
"visible","2023-05-05T13:27:22-04:00","passed","68 D"
"visible","2023-05-05T13:27:22-04:00","passed","69 E"
"visible","2023-05-05T13:27:22-04:00","passed","70 F"
"visible","2023-05-05T13:27:22-04:00","passed","71 G"
"visible","2023-05-05T13:27:22-04:00","passed","72 H"
"visible","2023-05-05T13:27:22-04:00","passed","73 I"
"visible","2023-05-05T13:27:22-04:00","passed","74 J"
"visible","2023-05-05T13:27:22-04:00","passed","75 K"
"visible","2023-05-05T13:27:22-04:00","passed","76 L"
"visible","2023-05-05T13:27:22-04:00","passed","77 M"
"visible","2023-05-05T13:27:22-04:00","passed","78 N"
"visible","2023-05-05T13:27:22-04:00","passed","79 O"
"visible","2023-05-05T13:27:22-04:00","passed","80 P"
"visible","2023-05-05T13:27:22-04:00","passed","81 Q"
"visible","2023-05-05T13:27:22-04:00","passed","82 R"
"visible","2023-05-05T13:27:22-04:00","passed","83 S"
"visible","2023-05-05T13:27:22-04:00","passed","84 T"
"visible","2023-05-05T13:27:22-04:00","passed","85 U"
"visible","2023-05-05T13:27:22-04:00","passed","86 V"
"visible","2023-05-05T13:27:22-04:00","passed","87 W"
"visible","2023-05-05T13:27:22-04:00","passed","88 X"
"visible","2023-05-05T13:27:22-04:00","passed","89 Y"
"visible","2023-05-05T13:27:22-04:00","passed","90 Z"
"visible","2023-05-05T13:27:22-04:00","passed","91 ["
"visible","2023-05-05T13:27:22-04:00","passed","93 ]"
"visible","2023-05-05T13:27:22-04:00","passed","94 ^"
"visible","2023-05-05T13:27:22-04:00","passed","95 _"
"visible","2023-05-05T13:27:22-04:00","passed","97 a"
"visible","2023-05-05T13:27:22-04:00","passed","98 b"
"visible","2023-05-05T13:27:22-04:00","passed","99 c"
"visible","2023-05-05T13:27:22-04:00","passed","100 d"
"visible","2023-05-05T13:27:22-04:00","passed","101 e"
"visible","2023-05-05T13:27:22-04:00","passed","102 f"
"visible","2023-05-05T13:27:22-04:00","passed","103 g"
"visible","2023-05-05T13:27:22-04:00","passed","104 h"
"visible","2023-05-05T13:27:22-04:00","passed","105 i"
"visible","2023-05-05T13:27:22-04:00","passed","106 j"
"visible","2023-05-05T13:27:22-04:00","passed","107 k"
"visible","2023-05-05T13:27:22-04:00","passed","108 l"
"visible","2023-05-05T13:27:23-04:00","passed","109 m"
"visible","2023-05-05T13:27:23-04:00","passed","110 n"
"visible","2023-05-05T13:27:23-04:00","passed","111 o"
"visible","2023-05-05T13:27:23-04:00","passed","112 p"
"visible","2023-05-05T13:27:23-04:00","passed","113 q"
"visible","2023-05-05T13:27:23-04:00","passed","114 r"
"visible","2023-05-05T13:27:23-04:00","passed","115 s"
"visible","2023-05-05T13:27:23-04:00","passed","116 t"
"visible","2023-05-05T13:27:23-04:00","passed","117 u"
"visible","2023-05-05T13:27:23-04:00","passed","118 v"
"visible","2023-05-05T13:27:23-04:00","passed","119 w"
"visible","2023-05-05T13:27:23-04:00","passed","120 x"
"visible","2023-05-05T13:27:23-04:00","passed","121 y"
"visible","2023-05-05T13:27:23-04:00","passed","122 z"
"visible","2023-05-05T13:27:23-04:00","passed","123 {"
"visible","2023-05-05T13:27:23-04:00","passed","124 |"
"visible","2023-05-05T13:27:23-04:00","passed","125 }"
"visible","2023-05-05T13:27:23-04:00","passed","126 ~"
"visible","2023-05-05T13:27:23-04:00","passed","0 ^@"
"visible","2023-05-05T13:27:23-04:00","passed","1 ^A"
"visible","2023-05-05T13:27:23-04:00","passed","2 ^B"
"visible","2023-05-05T13:27:23-04:00","passed","3 ^C"
"visible","2023-05-05T13:27:23-04:00","passed","4 ^D"
"visible","2023-05-05T13:27:23-04:00","passed","5 ^E"
"visible","2023-05-05T13:27:23-04:00","passed","6 ^F"
"visible","2023-05-05T13:27:23-04:00","passed","7 ^G"
"visible","2023-05-05T13:27:23-04:00","passed","8 ^H"
"visible","2023-05-05T13:27:23-04:00","passed","9 ^I"
"visible","2023-05-05T13:27:23-04:00","passed","10 ^J"
"visible","2023-05-05T13:27:23-04:00","passed","11 ^K"
"visible","2023-05-05T13:27:23-04:00","passed","12 ^L"
"visible","2023-05-05T13:27:23-04:00","passed","13 ^M"
"visible","2023-05-05T13:27:23-04:00","passed","14 ^N"
"visible","2023-05-05T13:27:23-04:00","passed","15 ^O"
"visible","2023-05-05T13:27:23-04:00","passed","16 ^P"
"visible","2023-05-05T13:27:23-04:00","passed","17 ^Q"
"visible","2023-05-05T13:27:23-04:00","passed","18 ^R"
"visible","2023-05-05T13:27:23-04:00","passed","19 ^S"
"visible","2023-05-05T13:27:23-04:00","passed","20 ^T"
"visible","2023-05-05T13:27:23-04:00","passed","21 ^U"
"visible","2023-05-05T13:27:23-04:00","passed","22 ^V"
"visible","2023-05-05T13:27:23-04:00","passed","23 ^W"
"visible","2023-05-05T13:27:23-04:00","passed","24 ^X"
"visible","2023-05-05T13:27:23-04:00","passed","25 ^Y"
"visible","2023-05-05T13:27:23-04:00","passed","26 ^Z"
"visible","2023-05-05T13:27:23-04:00","passed","27 ^["
"visible","2023-05-05T13:27:23-04:00","passed","29 ^]"
"visible","2023-05-05T13:27:23-04:00","passed","30 ^^"
"visible","2023-05-05T13:27:23-04:00","passed","31 ^_"
"visible","2023-05-05T13:27:23-04:00","passed","127"
"visible","2023-05-05T13:27:23-04:00","passed","32"
"visible","2023-05-05T13:27:23-04:00","passed","33"
"visible","2023-05-05T13:27:23-04:00","passed","34"
"visible","2023-05-05T13:27:23-04:00","passed","35 # #"
"visible","2023-05-05T13:27:23-04:00","passed","36 $ $"
"visible","2023-05-05T13:27:23-04:00","passed","37 % %"
"visible","2023-05-05T13:27:23-04:00","passed","38 & &"
"visible","2023-05-05T13:27:23-04:00","passed","39 ' '"
"visible","2023-05-05T13:27:23-04:00","passed","40 ( ("
"visible","2023-05-05T13:27:23-04:00","passed","41 ) )"
"visible","2023-05-05T13:27:23-04:00","passed","42 * *"
"visible","2023-05-05T13:27:23-04:00","passed","43 + +"
"visible","2023-05-05T13:27:23-04:00","passed","44"
"visible","2023-05-05T13:27:23-04:00","passed","45 - -"
"visible","2023-05-05T13:27:23-04:00","passed","46 . ."
"visible","2023-05-05T13:27:23-04:00","passed","47"
"visible","2023-05-05T13:27:23-04:00","passed","48 0 0"
"visible","2023-05-05T13:27:23-04:00","passed","49 1 1"
"visible","2023-05-05T13:27:23-04:00","passed","50 2 2"
"visible","2023-05-05T13:27:23-04:00","passed","51 3 3"
"visible","2023-05-05T13:27:23-04:00","passed","52 4 4"
"visible","2023-05-05T13:27:23-04:00","passed","53 5 5"
"visible","2023-05-05T13:27:23-04:00","passed","54 6 6"
"visible","2023-05-05T13:27:23-04:00","passed","55 7 7"
"visible","2023-05-05T13:27:23-04:00","passed","56 8 8"
"visible","2023-05-05T13:27:23-04:00","passed","57 9 9"
"visible","2023-05-05T13:27:23-04:00","passed","58 : :"
"visible","2023-05-05T13:27:24-04:00","passed","59"
"visible","2023-05-05T13:27:24-04:00","passed","60 < <"
"visible","2023-05-05T13:27:24-04:00","passed","61 = ="
"visible","2023-05-05T13:27:24-04:00","passed","62 > >"
"visible","2023-05-05T13:27:24-04:00","passed","63"
"visible","2023-05-05T13:27:24-04:00","passed","64 @ @"
"visible","2023-05-05T13:27:24-04:00","passed","65 A A"
"visible","2023-05-05T13:27:24-04:00","passed","66 B B"
"visible","2023-05-05T13:27:24-04:00","passed","67 C C"
"visible","2023-05-05T13:27:24-04:00","passed","68 D D"
"visible","2023-05-05T13:27:24-04:00","passed","69 E E"
"visible","2023-05-05T13:27:24-04:00","passed","70 F F"
"visible","2023-05-05T13:27:24-04:00","passed","71 G G"
"visible","2023-05-05T13:27:24-04:00","passed","72 H H"
"visible","2023-05-05T13:27:24-04:00","passed","73 I I"
"visible","2023-05-05T13:27:24-04:00","passed","74 J J"
"visible","2023-05-05T13:27:24-04:00","passed","75 K K"
"visible","2023-05-05T13:27:24-04:00","passed","76 L L"
"visible","2023-05-05T13:27:24-04:00","passed","77 M M"
"visible","2023-05-05T13:27:24-04:00","passed","78 N N"
"visible","2023-05-05T13:27:24-04:00","passed","79 O O"
"visible","2023-05-05T13:27:24-04:00","passed","80 P P"
"visible","2023-05-05T13:27:24-04:00","passed","81 Q Q"
"visible","2023-05-05T13:27:24-04:00","passed","82 R R"
"visible","2023-05-05T13:27:24-04:00","passed","83 S S"
"visible","2023-05-05T13:27:24-04:00","passed","84 T T"
"visible","2023-05-05T13:27:24-04:00","passed","85 U U"
"visible","2023-05-05T13:27:24-04:00","passed","86 V V"
"visible","2023-05-05T13:27:24-04:00","passed","87 W W"
"visible","2023-05-05T13:27:24-04:00","passed","88 X X"
"visible","2023-05-05T13:27:24-04:00","passed","89 Y Y"
"visible","2023-05-05T13:27:24-04:00","passed","90 Z Z"
"visible","2023-05-05T13:27:24-04:00","passed","91 [ ["
"visible","2023-05-05T13:27:24-04:00","passed","93 ] ]"
"visible","2023-05-05T13:27:24-04:00","passed","94 ^ ^"
"visible","2023-05-05T13:27:24-04:00","passed","95 _ _"
"visible","2023-05-05T13:27:24-04:00","passed","96"
"visible","2023-05-05T13:27:24-04:00","passed","97 a a"
"visible","2023-05-05T13:27:24-04:00","passed","98 b b"
"visible","2023-05-05T13:27:24-04:00","passed","99 c c"
"visible","2023-05-05T13:27:24-04:00","passed","100 d d"
"visible","2023-05-05T13:27:24-04:00","passed","101 e e"
"visible","2023-05-05T13:27:24-04:00","passed","102 f f"
"visible","2023-05-05T13:27:24-04:00","passed","103 g g"
"visible","2023-05-05T13:27:24-04:00","passed","104 h h"
"visible","2023-05-05T13:27:24-04:00","passed","105 i i"
"visible","2023-05-05T13:27:24-04:00","passed","106 j j"
"visible","2023-05-05T13:27:24-04:00","passed","107 k k"
"visible","2023-05-05T13:27:24-04:00","passed","108 l l"
"visible","2023-05-05T13:27:24-04:00","passed","109 m m"
"visible","2023-05-05T13:27:24-04:00","passed","110 n n"
"visible","2023-05-05T13:27:24-04:00","passed","111 o o"
"visible","2023-05-05T13:27:24-04:00","passed","112 p p"
"visible","2023-05-05T13:27:24-04:00","passed","113 q q"
"visible","2023-05-05T13:27:24-04:00","passed","114 r r"
"visible","2023-05-05T13:27:24-04:00","passed","115 s s"
"visible","2023-05-05T13:27:24-04:00","passed","116 t t"
"visible","2023-05-05T13:27:24-04:00","passed","117 u u"
"visible","2023-05-05T13:27:24-04:00","passed","118 v v"
"visible","2023-05-05T13:27:24-04:00","passed","119 w w"
"visible","2023-05-05T13:27:24-04:00","passed","120 x x"
"visible","2023-05-05T13:27:24-04:00","passed","121 y y"
"visible","2023-05-05T13:27:24-04:00","passed","122 z z"
"visible","2023-05-05T13:27:24-04:00","passed","123 { {"
"visible","2023-05-05T13:27:24-04:00","passed","124 | |"
"visible","2023-05-05T13:27:24-04:00","passed","125 } }"
"visible","2023-05-05T13:27:24-04:00","passed","126 ~ ~"
"zpad","2023-05-05T13:27:24-04:00","passed","0004 vs 0004"
"zpad","2023-05-05T13:27:24-04:00","passed","0004 vs 0004"
"zpad","2023-05-05T13:27:24-04:00","passed","0123 vs 0123"
"zpad","2023-05-05T13:27:24-04:00","passed","[ 0001 , 0012 , 0123 , 1234 ]"
